cohort_month,0,1,2,3,4,5,6,7,8,9,10,11,12,13,14,15,16,17,18,19,20,21,22,23,24,25,26,27,28,29,30,31,32,33,34,35,36,37,38,39,40,41,42,43,44,45,46,47,48,49,50,51,52,53,54,55,56,57,58,59
2019-01,100.0,10.67864271457086,11.477045908183632,11.377245508982035,9.880239520958083,10.179640718562874,10.878243512974052,11.27744510978044,13.77245508982036,17.964071856287426,38.32335329341318,21.856287425149702,11.377245508982035,9.880239520958083,11.477045908183632,8.982035928143713,11.87624750499002,9.580838323353294,11.976047904191617,14.570858283433132,13.47305389221557,16.666666666666664,40.41916167664671,23.952095808383234,8.882235528942116,11.377245508982035,11.077844311377245,9.780439121756487,12.77445109780439,9.68063872255489,9.181636726546905,11.976047904191617,14.770459081836327,17.465069860279442,37.12574850299401,24.451097804391217,9.880239520958083,11.976047904191617,10.578842315369261,10.778443113772456,10.479041916167663,11.87624750499002,9.481037924151696,14.770459081836327,12.275449101796406,16.46706586826347,38.92215568862276,21.856287425149702,10.67864271457086,9.181636726546905,10.778443113772456,10.778443113772456,10.179640718562874,9.181636726546905,10.27944111776447,14.271457085828343,12.674650698602793,18.063872255489024,37.4251497005988,22.055888223552895
2019-02,100.0,9.918200408997956,11.451942740286299,10.224948875255624,9.713701431492842,11.451942740286299,12.269938650306749,12.678936605316974,17.586912065439673,38.036809815950924,22.290388548057262,9.815950920245399,11.758691206543967,9.202453987730062,9.304703476482617,11.145194274028631,9.509202453987731,11.554192229038856,15.030674846625766,12.167689161554192,16.768916155419223,40.59304703476483,24.437627811860942,10.122699386503067,10.633946830265849,9.918200408997956,10.429447852760736,9.918200408997956,10.020449897750511,9.202453987730062,12.883435582822086,12.883435582822086,15.746421267893659,37.627811860940696,20.552147239263803,9.815950920245399,9.918200408997956,10.020449897750511,11.042944785276074,11.451942740286299,8.997955010224949,8.997955010224949,12.372188139059306,11.451942740286299,15.848670756646216,37.423312883435585,21.676891615541923,9.509202453987731,8.997955010224949,9.509202453987731,9.713701431492842,11.554192229038856,8.1799591002045,9.202453987730062,11.349693251533742,12.065439672801636,19.222903885480573,37.93456032719836,22.801635991820042,
2019-03,100.0,10.983397190293742,10.344827586206897,10.089399744572159,9.323116219667945,11.877394636015326,12.388250319284802,17.369093231162196,36.65389527458493,24.393358876117496,11.23882503192848,11.36653895274585,10.855683269476373,9.70625798212005,8.301404853128991,10.089399744572159,10.983397190293742,12.51596424010217,12.899106002554278,16.47509578544061,37.29246487867178,23.49936143039591,11.23882503192848,10.983397190293742,10.983397190293742,10.727969348659004,11.36653895274585,9.83397190293742,10.217113665389528,14.048531289910601,13.154533844189018,15.070242656449553,37.80332056194125,24.010217113665387,10.089399744572159,11.36653895274585,11.11111111111111,9.70625798212005,10.855683269476373,10.472541507024266,10.727969348659004,13.92081736909323,14.559386973180077,15.964240102171138,38.8250319284802,25.54278416347382,10.600255427841635,9.323116219667945,9.70625798212005,8.812260536398467,11.621966794380588,11.749680715197956,11.11111111111111,12.77139208173691,13.154533844189018,14.814814814814813,37.03703703703704,20.561941251596423,,
2019-04,100.0,12.205270457697642,10.402219140083217,10.679611650485436,12.89875173370319,13.592233009708737,14.840499306518723,40.36061026352289,24.965325936199722,10.679611650485436,9.29264909847434,7.766990291262135,10.540915395284326,10.679611650485436,11.095700416088766,10.957004160887656,12.482662968099861,13.869625520110956,15.672676837725383,37.309292649098474,22.74618585298197,11.927877947295423,9.70873786407767,10.402219140083217,11.650485436893204,11.927877947295423,11.095700416088766,11.650485436893204,15.117891816920942,13.592233009708737,16.78224687933426,38.83495145631068,21.220527045769764,10.263522884882107,11.373092926490985,10.679611650485436,10.818307905686545,9.986130374479888,9.57004160887656,12.205270457697642,11.927877947295423,14.701803051317613,16.50485436893204,39.94452149791955,23.994452149791957,11.789181692094314,10.124826629680998,9.153952843273231,11.095700416088766,12.205270457697642,10.263522884882107,10.679611650485436,12.62135922330097,14.424410540915394,16.08876560332871,35.64493758668516,23.71705963938974,,,
2019-05,100.0,10.471976401179942,11.061946902654867,11.651917404129794,14.749262536873156,17.25663716814159,39.52802359882006,23.451327433628318,11.799410029498524,11.061946902654867,10.619469026548673,8.849557522123893,10.914454277286136,10.029498525073747,10.619469026548673,13.864306784660767,14.454277286135694,18.73156342182891,37.610619469026545,23.156342182890853,10.619469026548673,10.471976401179942,11.651917404129794,10.32448377581121,11.209439528023598,10.619469026548673,10.176991150442479,15.929203539823009,13.274336283185843,18.289085545722713,38.34808259587021,22.271386430678465,10.176991150442479,9.734513274336283,12.389380530973451,7.374631268436578,10.32448377581121,11.061946902654867,12.094395280235988,13.864306784660767,13.421828908554573,19.02654867256637,37.46312684365782,21.238938053097346,10.471976401179942,10.914454277286136,9.587020648967552,11.209439528023598,10.176991150442479,11.209439528023598,12.094395280235988,14.15929203539823,12.979351032448378,15.781710914454278,37.315634218289084,23.303834808259587,,,,
2019-06,100.0,10.81081081081081,13.175675675675674,12.5,19.763513513513516,40.2027027027027,25.33783783783784,10.135135135135135,9.29054054054054,11.317567567567567,8.614864864864865,11.824324324324325,11.486486486486488,11.317567567567567,12.5,11.993243243243242,17.736486486486484,39.52702702702703,22.635135135135133,9.29054054054054,10.81081081081081,7.939189189189189,9.628378378378379,11.655405405405405,11.655405405405405,12.162162162162163,14.020270270270272,12.162162162162163,15.54054054054054,36.486486486486484,29.898648648648653,11.486486486486488,10.97972972972973,11.824324324324325,11.486486486486488,11.655405405405405,9.45945945945946,11.317567567567567,14.020270270270272,14.527027027027026,16.89189189189189,36.317567567567565,22.635135135135133,10.81081081081081,9.966216216216216,10.97972972972973,7.601351351351352,11.14864864864865,10.81081081081081,9.121621621621621,13.175675675675674,13.344594594594595,15.70945945945946,41.55405405405405,21.79054054054054,,,,,
2019-07,100.0,13.405797101449277,13.768115942028986,17.21014492753623,39.67391304347826,25.724637681159418,10.326086956521738,11.05072463768116,12.318840579710146,12.681159420289855,10.326086956521738,7.246376811594203,8.51449275362319,12.5,14.673913043478262,13.768115942028986,39.85507246376812,24.27536231884058,9.782608695652174,11.77536231884058,9.601449275362318,10.869565217391305,11.231884057971014,10.507246376811594,9.782608695652174,13.949275362318842,14.130434782608695,18.65942028985507,40.21739130434783,18.65942028985507,10.869565217391305,9.239130434782608,9.601449275362318,10.68840579710145,9.782608695652174,10.68840579710145,12.318840579710146,12.681159420289855,11.594202898550725,19.565217391304348,44.565217391304344,23.91304347826087,8.876811594202898,9.782608695652174,7.789855072463768,11.231884057971014,11.956521739130435,10.507246376811594,11.231884057971014,10.68840579710145,10.326086956521738,18.65942028985507,38.58695652173913,21.014492753623188,,,,,,
2019-08,100.0,15.472312703583063,18.892508143322477,39.73941368078176,22.475570032573287,10.912052117263844,8.306188925081432,9.609120521172638,13.355048859934854,10.097719869706841,11.400651465798045,10.097719869706841,12.052117263843648,17.58957654723127,16.938110749185668,35.83061889250814,21.49837133550489,11.400651465798045,11.237785016286644,11.563517915309445,8.306188925081432,10.260586319218241,9.283387622149837,11.889250814332247,14.169381107491857,14.82084690553746,17.263843648208468,40.06514657980456,21.661237785016286,10.586319218241043,9.93485342019544,11.563517915309445,11.074918566775244,10.097719869706841,9.609120521172638,9.446254071661238,14.006514657980457,14.332247557003258,16.612377850162865,40.390879478827365,19.381107491856678,8.469055374592834,8.631921824104234,11.889250814332247,9.120521172638437,7.980456026058631,11.726384364820847,9.609120521172638,14.332247557003258,13.355048859934854,17.58957654723127,43.811074918566774,24.429967426710096,,,,,,,
2019-09,100.0,17.557251908396946,36.83206106870229,20.419847328244277,9.351145038167939,9.923664122137405,9.732824427480915,9.923664122137405,9.351145038167939,9.732824427480915,9.541984732824428,15.458015267175574,15.458015267175574,19.65648854961832,35.49618320610687,21.183206106870227,12.404580152671755,10.49618320610687,9.16030534351145,8.587786259541986,13.931297709923665,9.923664122137405,8.396946564885496,15.839694656488549,16.603053435114504,17.748091603053435,37.02290076335878,22.328244274809162,12.022900763358779,14.122137404580155,9.923664122137405,10.305343511450381,7.251908396946565,9.16030534351145,8.778625954198473,14.122137404580155,16.412213740458014,17.557251908396946,38.74045801526718,22.137404580152673,10.877862595419847,9.351145038167939,12.213740458015266,7.442748091603053,10.49618320610687,10.877862595419847,8.969465648854962,13.740458015267176,13.16793893129771,17.938931297709924,37.404580152671755,23.091603053435115,,,,,,,,
2019-10,100.0,40.468227424749166,23.076923076923077,10.535117056856187,13.210702341137123,11.872909698996656,10.535117056856187,8.528428093645484,10.702341137123746,10.200668896321071,11.20401337792642,13.210702341137123,13.712374581939798,40.802675585284284,27.09030100334448,12.37458193979933,9.531772575250837,11.20401337792642,11.20401337792642,9.03010033444816,9.866220735785953,11.872909698996656,12.876254180602006,14.715719063545151,22.40802675585284,40.30100334448161,22.40802675585284,10.200668896321071,8.361204013377927,12.207357859531772,11.036789297658862,11.20401337792642,10.535117056856187,9.531772575250837,10.535117056856187,11.872909698996656,15.217391304347828,43.47826086956522,22.240802675585282,10.535117056856187,9.197324414715718,10.033444816053512,10.367892976588628,11.036789297658862,9.197324414715718,8.528428093645484,13.043478260869565,15.551839464882944,16.555183946488295,39.297658862876254,22.40802675585284,,,,,,,,,
2019-11,100.0,25.38200339558574,10.0169779286927,9.762308998302208,10.950764006791172,10.611205432937181,8.65874363327674,10.186757215619695,9.168081494057725,12.054329371816639,13.497453310696095,17.40237691001698,40.407470288624786,25.127334465195243,9.67741935483871,10.35653650254669,8.743633276740239,11.120543293718166,8.828522920203735,9.762308998302208,10.186757215619695,12.39388794567063,12.30899830220713,15.534804753820033,39.38879456706282,26.825127334465193,10.526315789473683,10.441426146010187,10.35653650254669,9.592529711375212,9.168081494057725,10.0169779286927,12.903225806451612,12.903225806451612,11.714770797962649,16.383701188455007,40.74702886247878,23.599320882852293,10.950764006791172,10.0169779286927,9.847198641765704,10.865874363327674,9.252971137521222,10.611205432937181,9.507640067911714,12.478777589134125,12.224108658743633,18.59083191850594,40.2376910016978,25.042444821731745,,,,,,,,,,
2019-12,100.0,9.647058823529411,11.294117647058824,10.588235294117647,9.647058823529411,12.0,11.529411764705882,9.411764705882353,11.294117647058824,14.352941176470587,17.88235294117647,35.76470588235294,24.941176470588236,10.117647058823529,12.23529411764706,11.529411764705882,8.0,9.647058823529411,8.705882352941176,9.176470588235293,9.176470588235293,11.294117647058824,15.764705882352942,39.294117647058826,24.705882352941178,9.411764705882353,10.117647058823529,8.705882352941176,9.88235294117647,10.352941176470589,11.76470588235294,8.235294117647058,9.88235294117647,9.88235294117647,15.529411764705884,35.529411764705884,23.294117647058822,12.0,9.411764705882353,8.705882352941176,10.117647058823529,7.529411764705881,8.235294117647058,11.058823529411764,11.76470588235294,12.23529411764706,14.117647058823529,41.411764705882355,21.176470588235293,,,,,,,,,,,
2020-01,100.0,7.28476821192053,9.933774834437086,12.582781456953644,14.56953642384106,8.609271523178808,12.582781456953644,13.245033112582782,10.596026490066226,16.55629139072848,36.423841059602644,26.490066225165563,13.245033112582782,13.90728476821192,11.258278145695364,10.596026490066226,7.9470198675496695,9.271523178807946,10.596026490066226,12.582781456953644,12.582781456953644,17.880794701986755,45.6953642384106,17.218543046357617,7.9470198675496695,11.258278145695364,11.258278145695364,15.2317880794702,11.920529801324504,12.582781456953644,9.933774834437086,9.933774834437086,11.920529801324504,15.894039735099339,35.76158940397351,21.192052980132452,13.90728476821192,12.582781456953644,10.596026490066226,11.258278145695364,10.596026490066226,11.258278145695364,14.56953642384106,9.271523178807946,12.582781456953644,14.56953642384106,38.41059602649007,29.80132450331126,,,,,,,,,,,,
2020-02,100.0,7.43801652892562,11.570247933884298,9.917355371900827,8.264462809917356,9.090909090909092,16.528925619834713,12.396694214876034,22.31404958677686,35.53719008264463,21.487603305785125,9.090909090909092,13.223140495867769,11.570247933884298,9.917355371900827,12.396694214876034,4.958677685950414,10.743801652892563,11.570247933884298,16.528925619834713,16.528925619834713,38.01652892561984,17.355371900826448,13.223140495867769,10.743801652892563,6.6115702479338845,6.6115702479338845,11.570247933884298,7.43801652892562,7.43801652892562,10.743801652892563,12.396694214876034,13.223140495867769,37.1900826446281,30.57851239669421,8.264462809917356,9.917355371900827,9.917355371900827,14.87603305785124,9.090909090909092,13.223140495867769,4.958677685950414,9.917355371900827,9.090909090909092,19.834710743801654,39.66942148760331,19.834710743801654,,,,,,,,,,,,,
2020-03,100.0,10.81081081081081,9.00900900900901,11.711711711711711,10.81081081081081,9.00900900900901,13.513513513513514,13.513513513513514,40.54054054054054,24.324324324324326,12.612612612612612,7.207207207207207,8.108108108108109,11.711711711711711,10.81081081081081,13.513513513513514,6.306306306306306,18.01801801801802,13.513513513513514,13.513513513513514,38.73873873873874,20.72072072072072,9.00900900900901,10.81081081081081,11.711711711711711,8.108108108108109,10.81081081081081,10.81081081081081,10.81081081081081,14.414414414414415,18.01801801801802,22.52252252252252,36.03603603603604,18.91891891891892,9.00900900900901,11.711711711711711,8.108108108108109,7.207207207207207,8.108108108108109,11.711711711711711,12.612612612612612,15.315315315315313,12.612612612612612,16.216216216216218,38.73873873873874,22.52252252252252,,,,,,,,,,,,,,
2020-04,100.0,10.126582278481013,12.658227848101266,12.658227848101266,10.126582278481013,12.658227848101266,16.455696202531644,37.9746835443038,25.31645569620253,6.329113924050633,10.126582278481013,8.860759493670885,11.39240506329114,7.59493670886076,11.39240506329114,8.860759493670885,12.658227848101266,13.924050632911392,18.9873417721519,40.50632911392405,20.253164556962027,5.063291139240507,11.39240506329114,8.860759493670885,10.126582278481013,10.126582278481013,5.063291139240507,10.126582278481013,16.455696202531644,8.860759493670885,11.39240506329114,34.177215189873415,31.645569620253166,15.18987341772152,10.126582278481013,8.860759493670885,5.063291139240507,5.063291139240507,6.329113924050633,5.063291139240507,7.59493670886076,12.658227848101266,15.18987341772152,35.44303797468354,29.11392405063291,,,,,,,,,,,,,,,
2020-05,100.0,14.444444444444443,13.333333333333334,13.333333333333334,7.777777777777778,21.11111111111111,34.44444444444444,16.666666666666664,7.777777777777778,8.88888888888889,5.555555555555555,10.0,11.11111111111111,14.444444444444443,16.666666666666664,11.11111111111111,14.444444444444443,16.666666666666664,37.77777777777778,25.555555555555554,12.222222222222221,7.777777777777778,10.0,13.333333333333334,14.444444444444443,13.333333333333334,4.444444444444445,13.333333333333334,8.88888888888889,17.77777777777778,28.888888888888886,24.444444444444443,10.0,10.0,11.11111111111111,13.333333333333334,16.666666666666664,6.666666666666667,10.0,12.222222222222221,20.0,17.77777777777778,46.666666666666664,23.333333333333332,,,,,,,,,,,,,,,,
2020-06,100.0,13.684210526315791,13.684210526315791,16.842105263157894,18.947368421052634,42.10526315789473,17.894736842105264,9.473684210526317,10.526315789473683,15.789473684210526,7.368421052631578,13.684210526315791,11.578947368421053,16.842105263157894,15.789473684210526,16.842105263157894,11.578947368421053,41.05263157894737,34.73684210526316,14.736842105263156,9.473684210526317,6.315789473684211,2.1052631578947367,7.368421052631578,12.631578947368421,11.578947368421053,11.578947368421053,10.526315789473683,16.842105263157894,45.26315789473684,26.31578947368421,9.473684210526317,9.473684210526317,11.578947368421053,9.473684210526317,11.578947368421053,13.684210526315791,7.368421052631578,16.842105263157894,9.473684210526317,15.789473684210526,44.21052631578947,25.263157894736842,,,,,,,,,,,,,,,,,
2020-07,100.0,10.44776119402985,10.44776119402985,14.925373134328357,46.26865671641791,20.8955223880597,13.432835820895523,8.955223880597014,5.970149253731343,7.462686567164178,5.970149253731343,7.462686567164178,10.44776119402985,11.940298507462686,19.402985074626866,19.402985074626866,35.82089552238806,17.91044776119403,8.955223880597014,4.477611940298507,19.402985074626866,2.9850746268656714,11.940298507462686,8.955223880597014,10.44776119402985,10.44776119402985,11.940298507462686,20.8955223880597,47.76119402985074,25.37313432835821,10.44776119402985,14.925373134328357,10.44776119402985,8.955223880597014,10.44776119402985,11.940298507462686,11.940298507462686,25.37313432835821,8.955223880597014,19.402985074626866,23.88059701492537,22.388059701492537,,,,,,,,,,,,,,,,,,
2020-08,100.0,11.956521739130435,10.869565217391305,31.521739130434785,25.0,13.043478260869565,11.956521739130435,7.608695652173914,7.608695652173914,7.608695652173914,10.869565217391305,15.217391304347828,14.130434782608695,17.391304347826086,19.565217391304348,32.608695652173914,18.478260869565215,5.434782608695652,6.521739130434782,13.043478260869565,9.782608695652174,15.217391304347828,11.956521739130435,7.608695652173914,15.217391304347828,17.391304347826086,19.565217391304348,35.869565217391305,21.73913043478261,7.608695652173914,8.695652173913043,8.695652173913043,5.434782608695652,11.956521739130435,11.956521739130435,11.956521739130435,15.217391304347828,11.956521739130435,9.782608695652174,44.565217391304344,30.434782608695656,,,,,,,,,,,,,,,,,,,
2020-09,100.0,16.176470588235293,50.0,20.588235294117645,8.823529411764707,7.352941176470589,7.352941176470589,11.76470588235294,5.88235294117647,4.411764705882353,13.23529411764706,8.823529411764707,14.705882352941178,10.294117647058822,42.64705882352941,27.941176470588236,7.352941176470589,13.23529411764706,20.588235294117645,4.411764705882353,20.588235294117645,5.88235294117647,8.823529411764707,13.23529411764706,17.647058823529413,4.411764705882353,35.294117647058826,14.705882352941178,7.352941176470589,5.88235294117647,7.352941176470589,10.294117647058822,10.294117647058822,13.23529411764706,8.823529411764707,10.294117647058822,16.176470588235293,16.176470588235293,41.17647058823529,26.47058823529412,,,,,,,,,,,,,,,,,,,,
2020-10,100.0,42.10526315789473,26.31578947368421,2.631578947368421,15.789473684210526,14.473684210526317,5.263157894736842,6.578947368421052,11.842105263157894,13.157894736842104,14.473684210526317,9.210526315789473,19.736842105263158,36.84210526315789,22.36842105263158,3.9473684210526314,6.578947368421052,19.736842105263158,7.894736842105263,7.894736842105263,10.526315789473683,7.894736842105263,11.842105263157894,18.421052631578945,15.789473684210526,35.526315789473685,23.684210526315788,18.421052631578945,13.157894736842104,6.578947368421052,11.842105263157894,10.526315789473683,10.526315789473683,6.578947368421052,9.210526315789473,14.473684210526317,17.105263157894736,39.473684210526315,25.0,,,,,,,,,,,,,,,,,,,,,
2020-11,100.0,26.060606060606062,10.303030303030303,10.909090909090908,8.484848484848486,12.121212121212121,8.484848484848486,8.484848484848486,9.090909090909092,12.727272727272727,12.727272727272727,16.969696969696972,43.63636363636363,20.606060606060606,13.939393939393941,9.090909090909092,7.878787878787878,9.090909090909092,12.727272727272727,15.757575757575756,13.333333333333334,10.303030303030303,11.515151515151516,17.575757575757574,32.121212121212125,23.636363636363637,10.303030303030303,10.303030303030303,9.090909090909092,10.909090909090908,13.939393939393941,8.484848484848486,9.696969696969697,13.939393939393941,15.757575757575756,18.181818181818183,49.09090909090909,23.03030303030303,,,,,,,,,,,,,,,,,,,,,,
2020-12,100.0,9.615384615384617,13.461538461538462,11.538461538461538,15.384615384615385,13.461538461538462,21.153846153846153,9.615384615384617,15.384615384615385,15.384615384615385,21.153846153846153,46.15384615384615,23.076923076923077,13.461538461538462,5.769230769230769,15.384615384615385,9.615384615384617,7.6923076923076925,15.384615384615385,9.615384615384617,19.230769230769234,13.461538461538462,17.307692307692307,30.76923076923077,25.0,15.384615384615385,11.538461538461538,1.9230769230769231,5.769230769230769,7.6923076923076925,11.538461538461538,19.230769230769234,11.538461538461538,3.8461538461538463,11.538461538461538,42.30769230769231,21.153846153846153,,,,,,,,,,,,,,,,,,,,,,,
2021-01,100.0,8.333333333333332,8.333333333333332,25.0,8.333333333333332,8.333333333333332,16.666666666666664,8.333333333333332,25.0,8.333333333333332,33.33333333333333,8.333333333333332,16.666666666666664,33.33333333333333,16.666666666666664,,16.666666666666664,8.333333333333332,,8.333333333333332,,8.333333333333332,25.0,8.333333333333332,,,,,8.333333333333332,,25.0,16.666666666666664,41.66666666666667,8.333333333333332,41.66666666666667,16.666666666666664,,,,,,,,,,,,,,,,,,,,,,,,
2021-02,100.0,10.0,10.0,15.0,10.0,20.0,5.0,15.0,20.0,50.0,20.0,15.0,10.0,5.0,15.0,10.0,,5.0,10.0,,20.0,40.0,20.0,5.0,5.0,10.0,10.0,5.0,5.0,20.0,10.0,5.0,,30.0,25.0,,,,,,,,,,,,,,,,,,,,,,,,,
2021-03,100.0,,7.6923076923076925,,15.384615384615385,7.6923076923076925,,23.076923076923077,30.76923076923077,7.6923076923076925,,,,15.384615384615385,7.6923076923076925,,,23.076923076923077,7.6923076923076925,7.6923076923076925,46.15384615384615,15.384615384615385,,23.076923076923077,7.6923076923076925,23.076923076923077,30.76923076923077,7.6923076923076925,,7.6923076923076925,7.6923076923076925,7.6923076923076925,46.15384615384615,15.384615384615385,,,,,,,,,,,,,,,,,,,,,,,,,,
2021-04,100.0,40.0,10.0,10.0,10.0,10.0,30.0,20.0,20.0,40.0,20.0,,,20.0,20.0,,20.0,,30.0,50.0,10.0,10.0,10.0,,20.0,10.0,10.0,10.0,20.0,10.0,20.0,20.0,,,,,,,,,,,,,,,,,,,,,,,,,,,,
2021-05,100.0,,21.428571428571427,,,21.428571428571427,50.0,21.428571428571427,28.57142857142857,7.142857142857142,,7.142857142857142,7.142857142857142,7.142857142857142,,14.285714285714285,,14.285714285714285,50.0,14.285714285714285,7.142857142857142,,14.285714285714285,7.142857142857142,,7.142857142857142,7.142857142857142,7.142857142857142,7.142857142857142,7.142857142857142,14.285714285714285,42.857142857142854,,,,,,,,,,,,,,,,,,,,,,,,,,,,
2021-06,100.0,12.5,25.0,12.5,62.5,50.0,25.0,25.0,,12.5,12.5,12.5,25.0,,,12.5,12.5,37.5,,,,,,37.5,,,,25.0,,62.5,50.0,,,,,,,,,,,,,,,,,,,,,,,,,,,,,
2021-07,100.0,9.090909090909092,9.090909090909092,,54.54545454545454,9.090909090909092,18.181818181818183,9.090909090909092,18.181818181818183,27.27272727272727,,36.36363636363637,9.090909090909092,18.181818181818183,9.090909090909092,27.27272727272727,45.45454545454545,18.181818181818183,,18.181818181818183,9.090909090909092,,9.090909090909092,9.090909090909092,27.27272727272727,9.090909090909092,27.27272727272727,,45.45454545454545,27.27272727272727,,,,,,,,,,,,,,,,,,,,,,,,,,,,,,
2021-08,100.0,5.555555555555555,38.88888888888889,50.0,11.11111111111111,5.555555555555555,,16.666666666666664,11.11111111111111,5.555555555555555,11.11111111111111,16.666666666666664,5.555555555555555,27.77777777777778,22.22222222222222,22.22222222222222,11.11111111111111,,,5.555555555555555,11.11111111111111,11.11111111111111,11.11111111111111,16.666666666666664,16.666666666666664,22.22222222222222,16.666666666666664,44.44444444444444,16.666666666666664,,,,,,,,,,,,,,,,,,,,,,,,,,,,,,,
2021-09,100.0,18.181818181818183,36.36363636363637,27.27272727272727,9.090909090909092,,9.090909090909092,18.181818181818183,36.36363636363637,9.090909090909092,18.181818181818183,27.27272727272727,18.181818181818183,27.27272727272727,54.54545454545454,27.27272727272727,9.090909090909092,9.090909090909092,9.090909090909092,27.27272727272727,9.090909090909092,9.090909090909092,18.181818181818183,,,,45.45454545454545,9.090909090909092,,,,,,,,,,,,,,,,,,,,,,,,,,,,,,,,
2021-10,100.0,29.411764705882355,17.647058823529413,5.88235294117647,11.76470588235294,11.76470588235294,11.76470588235294,5.88235294117647,11.76470588235294,,5.88235294117647,11.76470588235294,23.52941176470588,23.52941176470588,23.52941176470588,5.88235294117647,5.88235294117647,5.88235294117647,11.76470588235294,5.88235294117647,23.52941176470588,11.76470588235294,17.647058823529413,11.76470588235294,5.88235294117647,35.294117647058826,29.411764705882355,,,,,,,,,,,,,,,,,,,,,,,,,,,,,,,,,
2021-11,100.0,19.047619047619047,9.523809523809524,14.285714285714285,9.523809523809524,14.285714285714285,14.285714285714285,4.761904761904762,9.523809523809524,9.523809523809524,4.761904761904762,14.285714285714285,66.66666666666666,19.047619047619047,4.761904761904762,4.761904761904762,14.285714285714285,19.047619047619047,4.761904761904762,4.761904761904762,28.57142857142857,14.285714285714285,19.047619047619047,14.285714285714285,52.38095238095239,42.857142857142854,,,,,,,,,,,,,,,,,,,,,,,,,,,,,,,,,,
2021-12,100.0,,,9.090909090909092,9.090909090909092,18.181818181818183,,,36.36363636363637,,9.090909090909092,45.45454545454545,45.45454545454545,18.181818181818183,,,9.090909090909092,,27.27272727272727,9.090909090909092,9.090909090909092,36.36363636363637,36.36363636363637,36.36363636363637,,,,,,,,,,,,,,,,,,,,,,,,,,,,,,,,,,,,
2022-01,100.0,33.33333333333333,,,,,,,,,33.33333333333333,66.66666666666666,,,33.33333333333333,,,,,66.66666666666666,33.33333333333333,,33.33333333333333,33.33333333333333,,,,,,,,,,,,,,,,,,,,,,,,,,,,,,,,,,,,
2022-02,100.0,,,33.33333333333333,33.33333333333333,,,33.33333333333333,,33.33333333333333,,,,,,,,,33.33333333333333,33.33333333333333,,33.33333333333333,66.66666666666666,,,,,,,,,,,,,,,,,,,,,,,,,,,,,,,,,,,,,
2022-04,100.0,,,,,,50.0,50.0,,,,,,,,,,50.0,,,50.0,,,,,,,,,,,,,,,,,,,,,,,,,,,,,,,,,,,,,,,
2022-06,100.0,,33.33333333333333,,33.33333333333333,33.33333333333333,,,,,,,,,,33.33333333333333,66.66666666666666,,33.33333333333333,,,,,,,,,,,,,,,,,,,,,,,,,,,,,,,,,,,,,,,,,
2022-07,100.0,,,,100.0,,,,,,,,100.0,,,100.0,100.0,100.0,,,,,,,,,,,,,,,,,,,,,,,,,,,,,,,,,,,,,,,,,,
2022-08,100.0,,,,,,,,100.0,,,,,,,,,,,,,,,,,,,,,,,,,,,,,,,,,,,,,,,,,,,,,,,,,,,
2022-09,100.0,,100.0,,100.0,,,100.0,,,,,,,100.0,,,,,,,,,,,,,,,,,,,,,,,,,,,,,,,,,,,,,,,,,,,,,
2022-10,100.0,,66.66666666666666,,,66.66666666666666,,,33.33333333333333,,,33.33333333333333,,,66.66666666666666,,,,,,,,,,,,,,,,,,,,,,,,,,,,,,,,,,,,,,,,,,,,,
2022-11,100.0,,,25.0,,,,,25.0,,25.0,,25.0,,,,,,,,,,,,,,,,,,,,,,,,,,,,,,,,,,,,,,,,,,,,,,,
2023-01,100.0,,,,,,,,,,,,,,,,,,,,,,,,,,,,,,,,,,,,,,,,,,,,,,,,,,,,,,,,,,,
